Date,Close,High,Low,Open,Volume,Daily_Return,MA_7,52_Week_High,52_Week_Low,Volatility_7
,INFY.NS,INFY.NS,INFY.NS,INFY.NS,INFY.NS,,,,,
2024-11-18,1759.3822021484375,1796.047127993138,1743.4050832115965,1796.047127993138,4839244,-0.02041423372095423,1759.3822021484375,1796.047127993138,1743.4050832115965,0.0
2024-11-19,1772.2999267578125,1806.24528689049,1768.2206977377823,1773.0283689800722,4669769,-0.0004108463434675367,1765.841064453125,1806.24528689049,1743.4050832115965,0.014144530861322231
2024-11-21,1781.3326416015625,1813.3354888516371,1768.26917339711,1789.0540816629436,5436504,-0.004315934403840933,1771.0049235026042,1813.3354888516371,1743.4050832115965,0.010602990617717526
2024-11-22,1847.572265625,1859.0331371970146,1781.2840242640295,1800.80625185363,6301486,0.02596948656926978,1790.1467590332031,1859.0331371970146,1743.4050832115965,0.019233474847046315
2024-11-25,1835.383056640625,1864.1323391283017,1827.904430253904,1860.927145784527,12764638,-0.013726539054344986,1799.1940185546875,1864.1323391283017,1743.4050832115965,0.01778410177493741
2024-11-26,1868.8427734375,1882.8773790978912,1842.7645663309452,1850.194581938472,6850495,0.01007904340498607,1810.8021443684895,1882.8773790978912,1743.4050832115965,0.016725021755783265
2024-11-27,1869.1827392578125,1885.5969943515,1856.7992214996743,1874.621750796134,4447143,-0.0029013914599100013,1819.1422293526787,1885.5969943515,1743.4050832115965,0.015295421880122504
2024-11-28,1803.282958984375,1859.8586361338635,1798.4266776839897,1859.8586361338635,8468790,-0.03041934265880217,1825.4137660435267,1885.5969943515,1743.4050832115965,0.01770895415881958
2024-11-29,1804.448486328125,1823.0480681141644,1791.9678666332622,1797.8925063282472,5244346,0.0036464805191644845,1830.0064174107142,1885.5969943515,1743.4050832115965,0.01784492582886093
2024-12-02,1825.7677001953125,1828.6814691911163,1782.4495729417774,1805.5655210664468,2868263,0.0111888374546128,1836.354282924107,1885.5969943515,1743.4050832115965,0.018414477316324687
2024-12-03,1837.7139892578125,1845.1441235346933,1817.3662175546285,1832.760605927078,4715792,0.00270268976467278,1834.9459577287946,1885.5969943515,1743.4050832115965,0.014807754416373189
2024-12-04,1834.9459228515625,1858.935905488834,1821.1055208927776,1829.8468273930628,4705573,0.002786624203821632,1834.883510044643,1885.5969943515,1743.4050832115965,0.014069368037115872
2024-12-05,1879.2352294921875,1893.8526842407528,1834.654541582606,1845.386971128795,9050038,0.018342092413651322,1836.3681466238838,1893.8526842407528,1743.4050832115965,0.015382136516256395
2024-12-06,1867.1431884765625,1882.2461532385446,1857.4306251975142,1877.2442779990854,3573331,-0.0053808071974998555,1836.0767822265625,1893.8526842407528,1743.4050832115965,0.015508624833808953
2024-12-09,1868.357177734375,1874.7188352688952,1842.6673778401903,1868.8912975545852,4274645,-0.0002857950170291312,1845.3730991908483,1893.8526842407528,1743.4050832115965,0.007783007655428121
2024-12-10,1892.54150390625,1909.101352624084,1876.4671647750902,1883.2659588503623,6174921,0.004925244367263973,1857.9578159877233,1909.101352624084,1743.4050832115965,0.00776876110561606
2024-12-11,1917.4056396484375,1921.1449526741415,1895.8922889888395,1898.806057875605,5025612,0.009795408907448887,1871.0489501953125,1921.1449526741415,1743.4050832115965,0.007596618359374943
2024-12-12,1929.88623046875,1941.3471020098962,1913.9091120699152,1918.4253589276038,6462130,0.0059741034426029314,1884.2164132254463,1941.3471020098962,1743.4050832115965,0.0075539224795747725
2024-12-13,1942.22119140625,1948.7771714843159,1897.6406217246506,1913.132112410419,5362693,0.015204950461670239,1899.5414515904017,1948.7771714843159,1743.4050832115965,0.008321428906968058
2024-12-16,1923.1361083984375,1942.1240981650324,1920.7564592966078,1938.0933607570853,3119221,-0.007717508692566276,1905.8130057198662,1948.7771714843159,1743.4050832115965,0.008198185556024215
2024-12-17,1919.7852783203125,1925.0300863243267,1901.7199339167669,1911.4324974199167,5811050,0.004369906293667472,1913.3333042689733,1948.7771714843159,1743.4050832115965,0.00726974919893375
2024-12-18,1922.261962890625,1927.8951783904936,1905.216367108079,1910.2669710918078,3064095,0.006279222737103326,1921.0339878627233,1948.7771714843159,1743.4050832115965,0.006949374943043073
2024-12-19,1890.259033203125,1903.4196039771014,1864.8121646312206,1878.4097533316565,5323592,0.0063081443494700535,1920.7079206194196,1948.7771714843159,1743.4050832115965,0.0069483992382748825
2024-12-20,1866.9002685546875,1923.038809987995,1856.3135514684034,1918.3768510152895,11056720,-0.026833404726166462,1913.4928676060267,1948.7771714843159,1743.4050832115965,0.01380188953458947
2024-12-23,1868.988525390625,1884.2372017118134,1854.1282567360063,1874.5732490554924,2781793,-0.002979197354747952,1904.7931954520088,1948.7771714843159,1743.4050832115965,0.01362509188739533
2024-12-24,1854.1768798828125,1886.1797274213886,1787.111585198432,1871.6594932162752,2360544,-0.009340701872764503,1892.2154366629463,1948.7771714843159,1743.4050832115965,0.011875758767446086
2024-12-26,1852.5743408203125,1864.5693327398988,1847.6209572676305,1854.1769374712999,3623321,-0.0008643170015764397,1882.1351841517858,1948.7771714843159,1743.4050832115965,0.01182688932864227
2024-12-27,1861.655517578125,1868.8428379280153,1849.1748978049127,1854.5168074679777,3937500,0.0038493639321036583,1873.8309326171875,1948.7771714843159,1743.4050832115965,0.011772177633448847
2024-12-30,1851.2144775390625,1860.9270403802957,1832.2749799986577,1860.6356160704356,7789055,-0.005063397932406596,1863.6812918526787,1948.7771714843159,1743.4050832115965,0.010976606382093596
2024-12-31,1825.9617919921875,1842.473148621904,1792.0164326986576,1837.9082915665463,3613063,-0.006500052058732558,1854.4959716796875,1948.7771714843159,1743.4050832115965,0.009782088785139012
2025-01-01,1828.3900146484375,1838.5395957247827,1820.134335963438,1820.134335963438,1838368,0.004535752401280672,1848.9945068359375,1948.7771714843159,1743.4050832115965,0.005194598527603847
2025-01-02,1901.57421875,1906.2362966487788,1831.109641782825,1832.7607301511275,7083645,0.037546356961281134,1853.6496058872767,1948.7771714843159,1743.4050832115965,0.015903860902382428
2025-01-03,1883.023193359375,1896.8149857004253,1866.7546499738073,1896.8149857004253,6218003,-0.007271026665764905,1857.7705078125,1948.7771714843159,1743.4050832115965,0.0156435049435074
2025-01-06,1882.1490478515625,1916.288731426852,1872.5821967516326,1895.8923485784164,7164403,-0.007248987917040212,1861.9954659598213,1948.7771714843159,1743.4050832115965,0.016135603840759266
2025-01-07,1875.3502197265625,1902.2540906114118,1868.357221729347,1889.0935202054077,4294832,-0.007275076819569435,1863.9518519810267,1948.7771714843159,1743.4050832115965,0.016561307938958252
2025-01-08,1877.5841064453125,1882.8774057609294,1834.460303784991,1874.5246254427705,5482050,0.0016321370021049368,1867.7189418247767,1948.7771714843159,1743.4050832115965,0.016327863767644835
2025-01-09,1862.1898193359375,1895.74665458795,1855.6338390718154,1878.4583629543145,6833503,-0.00866058249637797,1872.8943743024554,1948.7771714843159,1743.4050832115965,0.01653884875103903
2025-01-10,1910.4124755859375,1920.9507009797642,1876.709930393327,1881.3233976824297,8036913,0.015462029515681437,1884.6118687220983,1948.7771714843159,1743.4050832115965,0.01732655524477309
2025-01-13,1905.799072265625,1925.8070469770787,1892.9785364775742,1899.7773306055078,5804152,0.0031697091880751637,1885.2154192243304,1948.7771714843159,1743.4050832115965,0.008853383594552608
2025-01-14,1884.285888671875,1915.1232771204202,1875.5930733895989,1912.2579998126723,5792162,-0.014627791408657992,1885.3958042689733,1948.7771714843159,1743.4050832115965,0.010018688136934475
2025-01-15,1893.60986328125,1901.7684398888914,1881.420549328485,1891.036010381721,2985439,0.0013610808495441334,1887.0330636160713,1948.7771714843159,1743.4050832115965,0.00986685299045186
2025-01-16,1873.0191650390625,1910.41253260361,1861.7526156669912,1909.4412763032324,7533579,-0.019074748051264915,1886.7000558035713,1948.7771714843159,1743.4050832115965,0.01186748374713348
2025-01-17,1763.2672119140625,1804.5942151264314,1759.9164250856263,1797.7954209897873,16409953,-0.019205861063276656,1870.3690708705358,1948.7771714843159,1743.4050832115965,0.013074934118065913
2025-01-20,1761.17919921875,1775.4080099966866,1741.60835991682,1770.5517282126625,4333011,-0.005293564059477605,1855.9389822823662,1948.7771714843159,1741.60835991682,0.013019962160430082
2025-01-21,1748.941162109375,1779.0016155615642,1741.5111463055791,1766.7638099629812,7169109,-0.010087736545825924,1832.8716517857142,1948.7771714843159,1741.5111463055791,0.00919804836853905
2025-01-22,1803.0887451171875,1812.1700865447272,1753.2633671133483,1755.448693830049,8373913,0.027138390005120066,1818.1987479073662,1948.7771714843159,1741.5111463055791,0.01627181637910327
2025-01-23,1811.8299560546875,1825.5247642701754,1799.446438649042,1804.5941442893445,5907471,0.004009661556445133,1807.847900390625,1948.7771714843159,1741.5111463055791,0.01608828508651336
2025-01-24,1821.5426025390625,1840.4336089404926,1810.6645792715367,1811.8786496612856,4887027,0.005333664525261365,1797.5525774274554,1948.7771714843159,1741.5111463055791,0.016336805876955077
2025-01-27,1769.6290283203125,1809.4505377391558,1759.9164650474238,1795.6101350752897,7652371,-0.014469235970250193,1782.7825578962054,1948.7771714843159,1741.5111463055791,0.01563349378624665
2025-01-28,1777.15625,1809.9361507719634,1772.4456805643415,1777.3990640797924,6999495,-0.00013661202185798142,1784.7667061941963,1948.7771714843159,1741.5111463055791,0.013626895263037965
2025-01-29,1827.1759033203125,1834.36322360914,1787.5972093347696,1791.9678626583263,5145155,0.01964769647696481,1794.1948067801338,1948.7771714843159,1741.5111463055791,0.01492769457801518
2025-01-30,1806.488037109375,1832.9547702492719,1790.9965471548646,1819.3086909049005,7336056,-0.0070469920028517164,1802.4157889229912,1948.7771714843159,1741.5111463055791,0.014469981775647834
2025-01-31,1825.7677001953125,1842.910279604707,1817.2205970496623,1817.2205970496623,5820470,0.004703393280665443,1805.6556396484375,1948.7771714843159,1741.5111463055791,0.010731593355640404
2025-02-01,1798.1353759765625,1836.2571867836969,1792.9391783431893,1826.2533177597818,1701402,-0.015396517837794187,1803.6992710658483,1948.7771714843159,1741.5111463055791,0.012416010999080275
2025-02-03,1809.741943359375,1822.6110895629577,1779.7300994439906,1783.2265984737837,4823228,0.01486930764059097,1802.013462611607,1948.7771714843159,1741.5111463055791,0.013691038190815274
2025-02-04,1844.2215576171875,1856.2650411997822,1821.1056096540206,1834.703198206104,7334787,0.005187955970420839,1812.6695382254463,1948.7771714843159,1741.5111463055791,0.012074968725589176
2025-02-05,1842.521728515625,1864.5205878724964,1839.8507738106882,1851.2144245852517,4996744,-0.004695672178318395,1822.0074637276787,1948.7771714843159,1741.5111463055791,0.01239841259090322
2025-02-06,1860.587158203125,1868.6971246106148,1845.3869733680706,1861.898330498206,4765255,-0.0007042126165557643,1826.7805001395088,1948.7771714843159,1741.5111463055791,0.00981523989656018
2025-02-07,1848.9320068359375,1868.40562375176,1835.140096778848,1864.13219104828,4126260,-0.008154026997299365,1832.8439243861608,1948.7771714843159,1741.5111463055791,0.009947458079023346
2025-02-10,1826.2532958984375,1850.2432794461592,1824.6020890265615,1850.2432794461592,3828734,-0.012965853633530163,1832.913295200893,1948.7771714843159,1741.5111463055791,0.010598358311673859
2025-02-11,1821.7369384765625,1848.3007750893653,1816.249316561804,1828.9727506286142,4411601,-0.003956216487951933,1836.284946986607,1948.7771714843159,1741.5111463055791,0.00917698676374045
2025-02-12,1809.5963134765625,1840.142278618334,1793.9104995274497,1830.8182412610952,5633947,-0.01159149898458227,1836.2641427176338,1948.7771714843159,1741.5111463055791,0.006321606410821092
2025-02-13,1790.268310546875,1819.6488158467762,1782.8867858202054,1814.792533979024,5237744,-0.013513513513513544,1828.5565359933037,1948.7771714843159,1741.5111463055791,0.004974188761723085
2025-02-14,1803.040283203125,1805.856950285683,1775.7964955938853,1800.7092442878504,5292961,0.0012945115501955796,1822.9163295200892,1948.7771714843159,1741.5111463055791,0.006028840718884466
2025-02-17,1789.345458984375,1799.4950394980904,1769.77462159192,1785.703248001718,4428956,0.0020396507576120114,1812.7389439174108,1948.7771714843159,1741.5111463055791,0.006577075099020365
2025-02-18,1798.7181396484375,1808.1393973263787,1784.780634818134,1789.3456107739096,4365260,0.005237964548656536,1805.5655343191963,1948.7771714843159,1741.5111463055791,0.007896460523387282
2025-02-19,1758.7509765625,1796.0471240806544,1753.9917969230971,1794.2989338566194,4611411,-0.01981161367449157,1795.9223458426338,1948.7771714843159,1741.5111463055791,0.009366435557059022
2025-02-20,1772.6884765625,1778.3703022593725,1753.6518766132701,1753.6518766132701,2218020,0.010855404201428045,1788.9154227120537,1948.7771714843159,1741.5111463055791,0.011312062269103751
2025-02-21,1762.8302001953125,1777.2533326664163,1754.2830972545896,1769.4347905187403,3379879,-0.0037325988834499965,1782.2345493861608,1948.7771714843159,1741.5111463055791,0.010768441469138764
2025-02-24,1713.3931884765625,1756.0313630959042,1699.9413126430345,1748.309923055587,7594720,-0.019971707600903613,1771.2523890904017,1948.7771714843159,1699.9413126430345,0.012065933563795699
2025-02-25,1716.8897705078125,1727.330776075937,1694.9880113599872,1694.9880113599872,5092963,0.012921483220552225,1758.9451729910713,1948.7771714843159,1694.9880113599872,0.01353710066071196
2025-02-27,1713.5875244140625,1724.8054634563641,1700.7668702151418,1704.748997302386,5757079,0.0051846501307011746,1748.1226109095983,1948.7771714843159,1694.9880113599872,0.013735740824437518
2025-02-28,1639.189208984375,1704.6519072727174,1634.0901134127998,1704.6034155946859,12182167,-0.0383750296472859,1725.332763671875,1948.7771714843159,1634.0901134127998,0.019102407945000562
2025-03-03,1659.488525390625,1678.9136517994152,1643.6571185043986,1643.6571185043986,7504969,0.009631818405429834,1711.1524135044642,1948.7771714843159,1634.0901134127998,0.019196799208103774
2025-03-04,1639.7720947265625,1650.1644899401717,1621.9980566215932,1646.2794646548505,6759673,-0.003952773552728649,1692.1643589564733,1948.7771714843159,1621.9980566215932,0.018157616305117787
2025-03-05,1662.30517578125,1683.1385762213686,1643.8026956375877,1643.8026956375877,8180782,0.011255900840633232,1677.8036411830358,1948.7771714843159,1621.9980566215932,0.0192477513512719
2025-03-06,1666.5301513671875,1672.794825837321,1642.4915571816716,1665.7046071983816,10610547,0.000495612586552431,1671.108921595982,1948.7771714843159,1621.9980566215932,0.017798289364273495
2025-03-07,1637.5380859375,1655.9919552333556,1627.339895010843,1654.1465445914585,8019331,-0.010040500165032483,1659.7729666573662,1948.7771714843159,1621.9980566215932,0.01703221762484376
2025-03-10,1652.5439453125,1669.5895404009018,1628.0197243147556,1637.5380832553346,7558981,0.00916367210668746,1651.052455357143,1948.7771714843159,1621.9980566215932,0.017439134880215007
2025-03-11,1613.83935546875,1631.7104941166237,1589.9950857541564,1631.7104941166237,12671234,-0.010952395484561025,1647.4310477120537,1948.7771714843159,1589.9950857541564,0.009448056600732795
2025-03-12,1545.123046875,1589.84944650162,1518.850635339536,1589.84944650162,14870008,-0.028132474886246626,1631.0931222098213,1948.7771714843159,1518.850635339536,0.013484321634987096
2025-03-13,1534.439208984375,1559.886194636392,1525.163782654934,1553.2816045131979,7822888,-0.012130701525128866,1616.0455671037946,1948.7771714843159,1518.850635339536,0.013770660962514732
2025-03-17,1544.34619140625,1548.1826065260266,1500.736758011993,1500.736758011993,7526032,0.02905868278459828,1599.1942836216517,1948.7771714843159,1500.736758011993,0.0183276459781094
2025-03-18,1544.34619140625,1544.34619140625,1544.34619140625,1544.34619140625,0,0.0,1581.7394321986608,1948.7771714843159,1500.736758011993,0.018311851553186705
2025-03-19,1540.94677734375,1556.9238965430377,1527.5920028100838,1556.9238965430377,7387068,-0.010261978273159639,1567.940673828125,1948.7771714843159,1500.736758011993,0.018325644280038345
2025-03-20,1569.11328125,1584.9932992405397,1546.240146235024,1546.240146235024,7186750,0.014792744238771928,1556.022007533482,1948.7771714843159,1500.736758011993,0.019073116625116095
2025-03-21,1546.7742919921875,1557.7980274559397,1518.7049607743006,1532.59385494289,10074677,0.009252573343918286,1546.4412841796875,1948.7771714843159,1500.736758011993,0.019112782101649173
2025-03-24,1546.968505859375,1560.9060103586978,1527.4947691913153,1552.0189913058653,8857726,-0.00325413894725656,1546.7049211774554,1948.7771714843159,1500.736758011993,0.014743328618654232
2025-03-25,1581.6422119140625,1589.1209562659596,1558.8663000022038,1558.8663000022038,9890140,0.014610561477803746,1553.448207310268,1948.7771714843159,1500.736758011993,0.01328263148154491
2025-03-26,1553.4759521484375,1590.6751185099797,1549.153908730525,1579.2628561729366,6651302,-0.016328443313729988,1554.7524588448662,1948.7771714843159,1500.736758011993,0.012174620105354993
2025-03-27,1557.4581298828125,1573.3866387891755,1540.4125339270274,1549.688079270318,9426573,0.005013944881187381,1556.6255929129463,1948.7771714843159,1500.736758011993,0.012235561623899443
2025-03-28,1525.5037841796875,1552.504639118573,1515.1598805138667,1544.2975705237486,6799047,-0.012169795965998447,1554.4194510323662,1948.7771714843159,1500.736758011993,0.012570239999362184
2025-04-01,1482.6226806640625,1502.92196020728,1474.2212903040318,1495.0061979771754,12680733,-0.008283254831898646,1542.0636509486608,1948.7771714843159,1474.2212903040318,0.011549562568283813
2025-04-02,1505.593017578125,1510.9349273715397,1491.0726643663595,1491.0726643663595,6193478,0.009738192885412469,1536.1806117466517,1948.7771714843159,1474.2212903040318,0.011626773719162714
2025-04-03,1453.4849853515625,1490.538435185599,1442.3641486583924,1490.538435185599,10459504,-0.024859103904571644,1522.8258231026787,1948.7771714843159,1442.3641486583924,0.014639628680998364
2025-04-04,1409.9241943359375,1429.6892358061361,1406.3790852223406,1418.5197886514006,9590254,-0.006059551924640431,1498.294677734375,1948.7771714843159,1406.3790852223406,0.011954780841102653
2025-04-07,1356.602294921875,1365.489314158466,1269.4320382766355,1313.1385736419368,21715252,0.033099112426035394,1470.1698695591517,1948.7771714843159,1269.4320382766355,0.018642077101953307
2025-04-08,1387.7310791015625,1414.6348317731379,1374.3276944448953,1389.8677955834949,12805001,-0.00153735232136616,1445.9231480189733,1948.7771714843159,1269.4320382766355,0.018482717589527894
2025-04-09,1363.3524169921875,1368.9371407012397,1342.1791008495861,1364.663707842691,8546854,-0.0009608893700093669,1422.7586669921875,1948.7771714843159,1269.4320382766355,0.017873589458114087
2025-04-11,1368.937255859375,1397.4437254302495,1356.893771609889,1370.6855647660782,12567440,-0.0012754996124888455,1406.5178920200892,1948.7771714843159,1269.4320382766355,0.017514343858337587
2025-04-15,1385.011474609375,1406.087688754894,1368.5001176189407,1404.0480742507405,10178530,-0.013558367402429715,1389.291957310268,1948.7771714843159,1269.4320382766355,0.01782410056657354
2025-04-16,1372.4822998046875,1386.4684147056246,1356.6508927211694,1384.0402738742662,12022740,-0.008350894325657944,1377.7201450892858,1948.7771714843159,1269.4320382766355,0.01522326587159585
2025-04-17,1378.6982421875,1388.7022289531085,1338.6825322481727,1357.8162328834976,14264227,0.015379113018598076,1373.2592947823662,1948.7771714843159,1269.4320382766355,0.015897154070544522
2025-04-21,1409.29296875,1429.4951483248678,1369.4714582615436,1369.4714582615436,15648970,0.029078014184397285,1380.7865339006696,1948.7771714843159,1269.4320382766355,0.014663878037270038
2025-04-22,1381.903564453125,1398.6091260339042,1378.5041672717928,1398.6091260339042,9399738,-0.011944410536024372,1379.9540318080358,1948.7771714843159,1269.4320382766355,0.015656909157806567
2025-04-23,1432.505859375,1445.0350886470426,1398.2204665039803,1404.4365301839098,11136642,0.01998618562521623,1389.8330950055804,1948.7771714843159,1269.4320382766355,0.01711041792719731
2025-04-24,1429.1065673828125,1440.2760150192205,1419.4911061400271,1427.6496829084983,7114292,0.0010204775665596814,1398.4287109375,1948.7771714843159,1269.4320382766355,0.017009947710604056
2025-04-25,1437.653564453125,1458.535575435,1421.4336312546193,1433.0887071514799,8329979,0.0031853278020162507,1405.949009486607,1948.7771714843159,1269.4320382766355,0.015116639127316412
2025-04-28,1439.4989013671875,1446.7833234291916,1423.1818670852326,1437.6534907325017,5886253,0.0012836268590322958,1415.5228097098213,1948.7771714843159,1269.4320382766355,0.013884174662116411
2025-04-29,1454.4564208984375,1466.4029217301106,1431.7289980215003,1439.4019470928108,8056743,0.010458839406207912,1426.3454066685267,1948.7771714843159,1269.4320382766355,0.013586470982047153
2025-04-30,1456.9815673828125,1465.431568419441,1439.984581952398,1453.7764926957282,7704183,0.002204654362749521,1433.1580636160713,1948.7771714843159,1269.4320382766355,0.009756848638008745
2025-05-02,1463.586181640625,1479.4175886205041,1453.1936678135066,1456.5930649551544,7402310,0.004801009186245077,1444.8270089285713,1948.7771714843159,1269.4320382766355,0.006906190489987989
2025-05-05,1465.2373046875,1479.2234198282615,1459.6040889990923,1471.453369034679,4282493,-0.004224438557136906,1449.5029296875,1948.7771714843159,1269.4320382766355,0.004432180495365207
2025-05-06,1468.0538330078125,1472.0359599506996,1456.0102317041706,1462.7119235923028,4270530,0.0036520584329348942,1455.0668247767858,1948.7771714843159,1269.4320382766355,0.004379685007679424
2025-05-07,1464.9459228515625,1475.1441139885928,1453.5821530190785,1456.8844481471906,5691799,0.005533365885416771,1458.9657331194196,1948.7771714843159,1269.4320382766355,0.004480394211379212
2025-05-08,1467.9569091796875,1472.9102929808603,1458.0500230157727,1464.654613791716,8424409,0.0022546580995109165,1463.0311628069196,1948.7771714843159,1269.4320382766355,0.004419028570513512
2025-05-09,1464.2659912109375,1467.9568126185206,1451.1540310083215,1457.5642989506216,4478653,0.00459787075269393,1464.4325299944196,1948.7771714843159,1269.4320382766355,0.0033000288728070076
2025-05-12,1580.136962890625,1585.0903465111594,1487.96471253376,1492.8209942326298,11372857,0.05849058192196656,1482.026157924107,1948.7771714843159,1269.4320382766355,0.02131665248545976
2025-05-13,1523.5125732421875,1565.859323230766,1519.627548132014,1562.7513505672503,12846210,-0.025108778380399283,1490.5870710100446,1948.7771714843159,1269.4320382766355,0.025323974070311565
2025-05-14,1546.6285400390625,1549.1537826809642,1524.3867472838704,1528.75740058924,4870057,0.011689977391399263,1502.214390345982,1948.7771714843159,1269.4320382766355,0.024916354758483878
2025-05-15,1566.6363525390625,1572.0753639006625,1525.8435894847285,1544.103254657481,11151167,0.014592999408306911,1516.297607421875,1948.7771714843159,1269.4320382766355,0.024887874929053987
2025-05-16,1544.200439453125,1566.2479103864578,1536.0418626920532,1566.2479103864578,4576751,-0.014076616343508956,1527.6196812220983,1948.7771714843159,1269.4320382766355,0.026560384847640624
2025-05-19,1514.965576171875,1539.4411867318856,1510.9833306187809,1531.185508443418,8855798,-0.010593054977402436,1534.335205078125,1948.7771714843159,1269.4320382766355,0.02741280433797834
2025-05-20,1515.7425537109375,1537.9843466293191,1513.2173110505078,1524.8723866170074,7143998,-0.005987276696855114,1541.688999720982,1948.7771714843159,1269.4320382766355,0.02777052931271037
2025-05-21,1523.41552734375,1525.8436681268927,1507.4869000940212,1522.832797268108,4157309,0.00038266188953079187,1533.5859375,1948.7771714843159,1269.4320382766355,0.014174191466183914
2025-05-22,1503.01904296875,1515.936798484799,1495.7346211126817,1510.7890929485561,6158990,-0.005143040822886517,1530.6582903180804,1948.7771714843159,1269.4320382766355,0.01088194565090607
2025-05-23,1519.8218994140625,1541.5779455953386,1505.447258808557,1505.447258808557,5038421,0.009548418598790246,1526.8287702287946,1948.7771714843159,1269.4320382766355,0.01047833415823461
2025-05-26,1535.070556640625,1538.275749801986,1517.782147363295,1521.5700705826603,3170102,0.008872733710380453,1522.319370814732,1948.7771714843159,1269.4320382766355,0.009141838690659789
2025-05-27,1524.9696044921875,1537.401733466409,1511.6634396332652,1534.487964353223,7775714,-0.006202955045690133,1519.5721086774554,1948.7771714843159,1269.4320382766355,0.007864936325833223
2025-05-28,1526.6207275390625,1542.063608140773,1524.8724187426308,1535.556238237006,3623370,-0.005819070949952647,1521.2371303013392,1948.7771714843159,1269.4320382766355,0.007094356134507264
2025-05-29,1540.0240478515625,1562.6543682753302,1531.2827406845122,1543.3263431603168,8609500,-0.0021397258741738955,1524.7059151785713,1948.7771714843159,1269.4320382766355,0.0067500100109717815
2025-05-30,1539.1375732421875,1548.297396005105,1531.652190030095,1547.3124739974683,13148092,-0.005283290151575509,1526.9519217354912,1948.7771714843159,1269.4320382766355,0.00702074764771236
2025-06-02,1530.371826171875,1536.4782943781508,1515.7949327230604,1536.4782943781508,4374509,-0.0039743276742788495,1530.8594621930804,1948.7771714843159,1269.4320382766355,0.00691560938412383
2025-06-03,1519.734619140625,1543.6682714095227,1512.4461724234918,1535.4933708621093,6853403,-0.010262989095574174,1530.8469935825892,1948.7771714843159,1269.4320382766355,0.006010385149126954
2025-06-04,1527.8109130859375,1533.8190332918903,1518.158749909477,1519.7346010168856,4548307,0.005314291102964893,1529.8099016462054,1948.7771714843159,1269.4320382766355,0.004817188673865247
2025-06-05,1530.8642578125,1544.0621159555858,1518.3556767230737,1524.5607331925255,6948539,0.004134649727449376,1530.6519949776787,1948.7771714843159,1269.4320382766355,0.005573327836232805
2025-06-06,1540.2210693359375,1545.2441474823067,1519.8331118292815,1531.2581829658582,3960020,0.005853282267996979,1532.5949009486608,1948.7771714843159,1269.4320382766355,0.006156820865774568
2025-06-09,1549.183837890625,1564.0561360451065,1547.3124620446238,1554.2069160448225,2903202,-0.0032319236919755344,1533.9034423828125,1948.7771714843159,1269.4320382766355,0.006206865280570802
2025-06-10,1571.935546875,1583.2621501262925,1553.7144894707471,1560.116482612782,8591925,0.007575757575757569,1538.5888671875,1948.7771714843159,1269.4320382766355,0.006638026573495723
2025-06-11,1606.5062255859375,1609.9534525332194,1566.1244242034918,1566.1244242034918,10597410,0.0257845422486041,1549.4652099609375,1948.7771714843159,1269.4320382766355,0.011112506578081927
2025-06-12,1584.345458984375,1603.452969273507,1574.0037782857437,1592.6188275892266,10483574,-0.005194820293174071,1558.6953299386162,1948.7771714843159,1269.4320382766355,0.010066364416349801
2025-06-13,1577.844970703125,1584.7394243828517,1546.5244044661895,1552.2369998927122,6968315,0.01649746192893402,1565.843052455357,1948.7771714843159,1269.4320382766355,0.01084348885248778
2025-06-16,1599.31640625,1610.1505483486199,1573.01891647278,1575.875214344727,5591842,0.014875030517578228,1575.6219308035713,1948.7771714843159,1269.4320382766355,0.011070915319370758
2025-06-17,1615.173583984375,1622.5604988569514,1591.2399317053334,1596.2630097727385,7622083,0.011846778441811274,1586.3294328962054,1948.7771714843159,1269.4320382766355,0.01102951481823872
2025-06-18,1608.2791748046875,1619.9011823893957,1596.5585788351507,1596.5585788351507,5629707,0.0073411625009638945,1594.7716238839287,1948.7771714843159,1269.4320382766355,0.009587290766173215
2025-06-19,1593.997802734375,1605.4228739879738,1587.2018168292147,1599.4148737815738,5147760,-0.003386908009921727,1597.923374720982,1948.7771714843159,1269.4320382766355,0.011067910538417111
2025-06-20,1598.429931640625,1606.1122510729595,1584.6410236941556,1594.58871180959,9202821,0.002408909458963789,1596.7696184430804,1948.7771714843159,1269.4320382766355,0.008664736936979582
2025-06-23,1560.116455078125,1576.8601291540897,1551.6461498856431,1576.8601291540897,7943676,-0.010618363522798229,1593.3083321707588,1948.7771714843159,1269.4320382766355,0.0100067451698382
2025-06-24,1557.7525634765625,1584.739449496533,1552.827953627288,1576.860073737694,8083992,-0.012117441857627956,1590.43798828125,1948.7771714843159,1269.4320382766355,0.010622779283920126
2025-06-25,1590.550537109375,1595.4751470327865,1561.199813873949,1566.025955644839,7813533,0.015660392713246877,1589.1857212611608,1948.7771714843159,1269.4320382766355,0.010790672287651432
2025-06-26,1591.6339111328125,1599.5132869304996,1582.3756205245834,1584.5425210067874,6519233,0.004475354893928222,1585.8229108537946,1948.7771714843159,1269.4320382766355,0.009949894509551508
2025-06-27,1583.7545166015625,1605.0288069577266,1578.238977654369,1594.5886581952298,8912268,-0.006794317479925787,1582.3193882533483,1948.7771714843159,1269.4320382766355,0.009771779390750248
2025-06-30,1577.6480712890625,1590.648993297183,1570.064099926214,1590.648993297183,6294505,-0.0081733443788699,1579.9837123325892,1948.7771714843159,1269.4320382766355,0.01008960538084251
2025-07-01,1582.57275390625,1593.308307768125,1576.3676970723639,1584.7395342639384,4178937,-0.0013672785406308226,1577.7184012276787,1948.7771714843159,1269.4320382766355,0.009903495479561085
2025-07-02,1586.2169189453125,1624.1364168524187,1579.2239966239758,1593.6038341220215,8653641,-0.004635352286773766,1581.4470389229912,1948.7771714843159,1269.4320382766355,0.00934938942825421
2025-07-03,1594.293212890625,1607.786716594206,1590.6490495377586,1594.0962765801005,5259695,0.00012354103915668412,1586.6671316964287,1948.7771714843159,1269.4320382766355,0.00818068859597089
2025-07-04,1615.96142578125,1618.6207872342948,1587.9897380569496,1600.4981989662078,4411273,0.009661508413461604,1590.2972586495537,1948.7771714843159,1269.4320382766355,0.00636761674678328
2025-07-07,1602.4681396484375,1619.2118141254034,1598.5284515362102,1615.2721260131761,3294523,-0.007926829268292718,1591.845005580357,1948.7771714843159,1269.4320382766355,0.006328971253560346
2025-07-08,1613.9915771484375,1621.378491891406,1597.0509674297891,1603.4529602070286,4590681,0.0065724515797758315,1596.164585658482,1948.7771714843159,1269.4320382766355,0.006890038066312863
2025-07-09,1609.0670166015625,1613.3022292758048,1599.1193284889714,1613.1052929685202,4580828,-0.0025034177152355895,1600.6530064174108,1948.7771714843159,1269.4320382766355,0.006178106226162585
2025-07-10,1591.43701171875,1614.1886858160015,1582.868118202301,1614.1886858160015,5330179,-0.014094804589557678,1601.9193289620537,1948.7771714843159,1269.4320382766355,0.008189348012122786
2025-07-11,1570.85205078125,1582.8680505457567,1539.433016356687,1555.2902357933656,11391755,0.010005730525239372,1599.7243477957588,1948.7771714843159,1269.4320382766355,0.0091647359339976
2025-07-14,1546.623046875,1567.7988696310574,1536.2813659941348,1567.7988696310574,9173426,-0.01350672153567799,1592.9143240792412,1948.7771714843159,1269.4320382766355,0.010543469771666014
2025-07-15,1561.6922607421875,1579.4208563061295,1540.4179701114037,1541.5013602388092,7614807,0.013098204791885714,1585.161586216518,1948.7771714843159,1269.4320382766355,0.011218275908818388
2025-07-16,1583.6561279296875,1587.6942841349517,1554.6993967165145,1555.1918577227598,6223491,0.018302738704282735,1582.474155970982,1948.7771714843159,1269.4320382766355,0.012855518975394213
2025-07-17,1559.6240234375,1585.7244570472844,1556.2752645133157,1573.9053927711557,7374814,-0.009073842302878603,1574.7073625837054,1948.7771714843159,1269.4320382766355,0.013389395956291694
2025-07-18,1562.1846923828125,1575.1857343566385,1556.176692489401,1568.0942241264431,5161833,-0.0037686075573186402,1568.0098876953125,1948.7771714843159,1269.4320382766355,0.013442268645919297
2025-07-21,1560.4119873046875,1565.041072656143,1543.1758521432762,1556.1767745731315,3682661,0.002721549891218316,1563.5777413504463,1948.7771714843159,1269.4320382766355,0.011887576475667912
2025-07-22,1547.2139892578125,1561.889351060241,1541.4029254290974,1541.4029254290974,8473741,0.003769983651158173,1560.2008754185267,1948.7771714843159,1269.4320382766355,0.011460846042547665
2025-07-23,1550.7596435546875,1567.897309898412,1526.629055261839,1552.5325511946266,8035026,-0.0011419455512059636,1560.7918178013392,1948.7771714843159,1269.4320382766355,0.009525030675526402
2025-07-24,1529.0914306640625,1558.1466301517212,1524.8562179010848,1556.1767861186595,14169664,-0.017405063291139285,1556.134556361607,1948.7771714843159,1269.4320382766355,0.011189082148853334
2025-07-25,1492.84619140625,1526.1366022975346,1488.512630894258,1520.12860228797,10851259,-0.01794743605288178,1543.1617082868304,1948.7771714843159,1269.4320382766355,0.008965312142994532
2025-07-28,1493.1417236328125,1496.392014262957,1460.14683725966,1491.0734115180542,6439855,0.0013871296334448014,1533.6642368861608,1948.7771714843159,1269.4320382766355,0.009258110249581532
2025-07-29,1490.8763427734375,1494.3235696797126,1473.5417400906863,1490.0884773327002,7070448,0.0005287373553465622,1523.477329799107,1948.7771714843159,1269.4320382766355,0.009464641160065545
2025-07-30,1496.0965576171875,1498.7557989957106,1483.2925712781332,1496.9830114866083,5719051,-0.0005921602734426073,1514.2894112723213,1948.7771714843159,1269.4320382766355,0.009149313755321128
2025-07-31,1486.247314453125,1504.0743788045277,1474.428250322285,1486.936711768862,6851407,-0.00046363595052878107,1505.5798863002233,1948.7771714843159,1269.4320382766355,0.008638275302367153
2025-08-01,1447.4412841796875,1476.1024890867666,1443.4031282013243,1471.3749358302919,8702978,-0.01626618142512988,1490.8201206752233,1948.7771714843159,1269.4320382766355,0.009348282332760045
2025-08-04,1458.177001953125,1460.4423706154291,1429.1218033326475,1439.4634841975633,8610216,0.01300034211426605,1480.689488002232,1948.7771714843159,1269.4320382766355,0.010795819614915695
2025-08-05,1438.2816162109375,1456.4040844682859,1433.0614816224124,1456.4040844682859,10213323,-0.012443296781857523,1472.8945486886162,1948.7771714843159,1269.4320382766355,0.009658357721072847
2025-08-06,1415.037353515625,1434.14486387826,1408.7339490588547,1430.1067078263497,10566934,-0.010537223710829933,1461.736781529018,1948.7771714843159,1269.4320382766355,0.009982561199848226
2025-08-07,1415.234375,1420.2574529025999,1392.876574581379,1408.4383894942564,9892020,0.00482519189794586,1450.9307861328125,1948.7771714843159,1269.4320382766355,0.010417460854037355
2025-08-08,1401.6424560546875,1411.590144080286,1395.7329241309972,1403.5138318764698,10048009,-0.0013333504660088048,1437.4373430524554,1948.7771714843159,1269.4320382766355,0.010390137289061107
2025-08-11,1406.66552734375,1411.7871937906966,1392.6796832838538,1398.4907470266712,6625368,0.0058454303930570665,1426.0685163225446,1948.7771714843159,1269.4320382766355,0.010938085649464649
2025-08-12,1402.62744140625,1419.2726477892124,1399.5742071536924,1406.6655976905836,9899184,-0.0028707293979203666,1419.666538783482,1948.7771714843159,1269.4320382766355,0.009134042505746499
2025-08-13,1405.0897216796875,1412.3781686321047,1400.953097311154,1403.5138705026145,10318063,0.0011227898848685126,1412.0826416015625,1948.7771714843159,1269.4320382766355,0.0070800021238758525
2025-08-14,1425.8714599609375,1447.835267553816,1404.6956380205245,1404.6956380205245,12902347,0.015075025056854065,1410.3097621372767,1948.7771714843159,1269.4320382766355,0.008020919947256242
2025-08-18,1414.1510009765625,1442.6151494914589,1408.0444126749926,1442.6151494914589,7254561,-0.01973093692030778,1410.183140345982,1948.7771714843159,1269.4320382766355,0.010677609548769059
2025-08-19,1418.2877197265625,1427.5460108318366,1411.0977408332749,1411.0977408332749,3986094,0.005095308911090612,1410.6193324497767,1948.7771714843159,1269.4320382766355,0.010696658016121624
2025-08-20,1473.6402587890625,1476.3980885005715,1418.9770874002822,1418.9770874002822,10413061,0.03852294154300196,1420.9047328404017,1948.7771714843159,1269.4320382766355,0.017820109590165664
2025-08-21,1473.8372802734375,1485.262351237006,1461.9197483180794,1485.262351237006,6565539,-0.007692291502611021,1430.500697544643,1948.7771714843159,1269.4320382766355,0.018577363956971907
2025-08-22,1465.0714111328125,1481.6181481033814,1463.6924963469764,1475.5115598317454,5543397,-0.007075612948856496,1439.4212646484375,1948.7771714843159,1269.4320382766355,0.01890976722266022
2025-08-25,1508.9989013671875,1515.7948868943363,1483.981859694785,1483.981859694785,10694531,0.016858050864279286,1454.2654331752233,1948.7771714843159,1269.4320382766355,0.01949024072604306
2025-08-26,1506.53662109375,1515.2039825206518,1495.7024794249892,1500.03616013844,15994798,0.0043335361693614665,1465.789027622768,1948.7771714843159,1269.4320382766355,0.019062385322536644
2025-08-28,1477.4814453125,1506.5366438633127,1475.413133190423,1506.5366438633127,5443364,-0.019286088173935522,1474.8362339564733,1948.7771714843159,1269.4320382766355,0.018969316204514263
2025-08-29,1447.4412841796875,1479.254311487481,1445.5699084151588,1479.254311487481,8169075,-0.02150612444441919,1479.0010288783483,1948.7771714843159,1269.4320382766355,0.02132380157603412
2025-09-01,1476.7921142578125,1480.7318023736236,1453.941851048263,1454.4343120627393,4546057,0.015372163603156765,1479.4512939453125,1948.7771714843159,1269.4320382766355,0.015445751066076171
2025-09-02,1476.1025390625,1489.9900353122632,1463.8896025641538,1476.7920565936874,5218763,-0.00046690224809162585,1479.77490234375,1948.7771714843159,1269.4320382766355,0.015298322402391745
2025-09-03,1456.798095703125,1479.2543652339205,1450.7900955921732,1477.3829894013984,4623483,-0.013933349609375098,1478.5930001395088,1948.7771714843159,1269.4320382766355,0.015908719175152162
2025-09-04,1440.94091796875,1461.6242804276317,1438.0846200594328,1461.6242804276317,5787724,-0.01415094339622648,1468.8704310825892,1948.7771714843159,1269.4320382766355,0.01373662351741647
2025-09-05,1422.8182373046875,1450.4945202945664,1411.3931666312185,1447.835279098319,5466487,-0.01727892817283164,1456.9106619698662,1948.7771714843159,1269.4320382766355,0.013157444417860674
2025-09-08,1411.2947998046875,1436.0163186937275,1406.7641825159365,1429.1218644887508,3811567,-0.0124741389289714,1447.4554268973213,1948.7771714843159,1269.4320382766355,0.012612191296488358
2025-09-09,1481.6181640625,1484.474341584966,1450.297597398603,1458.6694341238242,13072640,0.01573264606895692,1452.3378383091517,1948.7771714843159,1269.4320382766355,0.014299786244683093
2025-09-10,1509.491455078125,1511.756823802922,1486.5428442826578,1487.330709756259,7281071,0.014899675759063464,1457.0091727120537,1948.7771714843159,1269.4320382766355,0.014194462065599163
2025-09-11,1486.9366455078125,1504.4683046125388,1483.7849433052634,1500.922609577238,8003662,-0.00931824464511529,1458.5569022042412,1948.7771714843159,1269.4320382766355,0.0142263534261198
2025-09-12,1502.596923828125,1519.6361218926327,1498.1647749913177,1513.8250582606502,12856963,-0.007417062078114912,1465.0995919363838,1948.7771714843159,1269.4320382766355,0.013766761220065416
2025-09-15,1485.6563720703125,1504.4683582651935,1478.5648615170796,1502.5969824151846,6167414,-0.011274220927585493,1471.487513950893,1948.7771714843159,1269.4320382766355,0.01346280244105143
2025-09-16,1488.5126953125,1491.1719366717366,1480.8302554728903,1485.656397411633,8923112,0.001922583112652023,1480.8724365234375,1948.7771714843159,1269.4320382766355,0.012170913119479269
2025-09-17,1499.4453125,1503.680405062861,1491.1719434573272,1494.028241371192,4795698,0.0036258157502004496,1493.465366908482,1948.7771714843159,1269.4320382766355,0.011148778439467618
2025-09-18,1517.370849609375,1531.5537508334592,1515.302537400178,1526.6291407021617,9331945,-0.006064531880040274,1498.5728934151787,1948.7771714843159,1269.4320382766355,0.009292007115934347
2025-09-19,1516.976806640625,1527.9095369547413,1497.179898612735,1521.3104874589542,12988129,-0.0028486498016376226,1499.6422293526787,1948.7771714843159,1269.4320382766355,0.005628287452577609
2025-09-22,1476.8905029296875,1491.8612688721596,1459.6543683506482,1460.3437656419162,15655204,0.011330713820316085,1498.207066127232,1948.7771714843159,1269.4320382766355,0.0077007450999491064
2025-09-23,1474.920654296875,1490.186944875574,1470.4885054191882,1470.4885054191882,9832164,0.003014065639651738,1494.2533133370537,1948.7771714843159,1269.4320382766355,0.0073745234459663194
2025-09-24,1472.0643310546875,1474.1326431158677,1460.3437357350242,1464.7758845360097,4937004,0.004975810016824881,1492.3115931919642,1948.7771714843159,1269.4320382766355,0.005591584302996032
2025-09-25,1462.4122314453125,1480.04223903444,1454.2373307659764,1466.5488557470633,9491867,-0.002820652230943623,1488.5829554966517,1948.7771714843159,1269.4320382766355,0.0059197983267654675
2025-09-26,1427.053466796875,1456.404069373631,1419.4694954878144,1452.7599061754568,8597058,-0.017694898702330427,1478.2412632533483,1948.7771714843159,1269.4320382766355,0.009251944471350268
2025-09-29,1420.060546875,1442.9106885263222,1414.8404123331482,1437.9860786678707,10513117,-0.012465719980736317,1464.3397914341517,1948.7771714843159,1269.4320382766355,0.010065336493778854
2025-09-30,1420.060546875,1430.303639196793,1416.416263441906,1421.2424051491353,7556305,-0.0008315669936763882,1450.4946114676338,1948.7771714843159,1269.4320382766355,0.010077829965260559
2025-10-01,1424.000244140625,1427.6444073679875,1405.877655696216,1424.197180444367,6250692,-0.000138278818724036,1442.9388602120537,1948.7771714843159,1269.4320382766355,0.008313942864583836
2025-10-03,1424.7880859375,1426.4625254104503,1411.5901076030302,1417.3027030735375,6877533,0.005281428482235902,1435.777064732143,1948.7771714843159,1269.4320382766355,0.008656620874471855
2025-10-06,1453.744873046875,1456.5027027407555,1420.5530497148675,1424.7881421800753,4630590,0.02032353443263002,1433.1599993024554,1948.7771714843159,1269.4320382766355,0.012302836215864466
2025-10-07,1436.5086669921875,1460.5407866669368,1432.0765182081868,1455.4191203786977,5570320,-0.01299313243980863,1429.4594900948662,1948.7771714843159,1269.4320382766355,0.01310206006582977
2025-10-08,1472.4583740234375,1475.4131399913774,1433.061494450904,1435.0313384295307,4657192,0.026080988332189445,1435.9459054129463,1948.7771714843159,1269.4320382766355,0.015027480887750163
2025-10-09,1486.5428466796875,1491.171932062491,1464.5790376333712,1479.352867871771,7028753,0.004860218926847515,1445.4433768136162,1948.7771714843159,1269.4320382766355,0.013261877969939245
2025-10-10,1492.058349609375,1498.755747016607,1476.2011295853695,1487.2322078030077,3738353,0.0032450492808360305,1455.7287772042412,1948.7771714843159,1269.4320382766355,0.012994425112043375
2025-10-13,1470.6854248046875,1482.0120273618204,1461.0332617199265,1474.4281763502415,5859355,-0.0025384427709586586,1462.3980887276787,1948.7771714843159,1269.4320382766355,0.013233351728436038
2025-10-14,1467.435302734375,1491.5658915845438,1464.0865439092208,1476.3980688327763,5600789,-0.006070697522306536,1468.4905482700892,1948.7771714843159,1269.4320382766355,0.014052484645379377
2025-10-15,1452.1690673828125,1466.1549121391147,1445.373081319078,1461.5258266826634,6986098,-0.00640204855023918,1468.2654331752233,1948.7771714843159,1269.4320382766355,0.01266238081085398
2025-10-16,1449.312744140625,1452.267510183725,1438.478601982591,1451.6765810210527,8005748,-0.001628349531384647,1470.0945870535713,1948.7771714843159,1269.4320382766355,0.011234774367690112
2025-10-17,1419.37109375,1436.410292725158,1412.3781714796953,1432.9630656678505,16959378,-0.009485221387416433,1462.5106898716517,1948.7771714843159,1269.4320382766355,0.0052388022601224105
2025-10-20,1438.87255859375,1444.8805586841174,1428.136884861602,1431.781048131079,6994246,0.004952929410490313,1455.700648716518,1948.7771714843159,1269.4320382766355,0.0052608009789544075
2025-10-21,1450.19921875,1463.5941342911037,1447.8353818357486,1455.7147580634262,1698704,-0.0037888874059116145,1449.7207728794642,1948.7771714843159,1269.4320382766355,0.00459684788650593
2025-10-23,1505.4532470703125,1522.6893817276436,1483.292502510887,1487.2321904325627,20358624,0.012251655629138996,1454.6876046316963,1948.7771714843159,1269.4320382766355,0.007579285666787708
2025-10-24,1502.4000244140625,1519.7346273554492,1495.111577657532,1516.2874003977408,8652257,-0.009158801939550187,1459.6825648716517,1948.7771714843159,1269.4320382766355,0.007972532795094312
2025-10-27,1504.5,1515.300048828125,1498.0999755859375,1510.0,7273211,-0.003642384105960265,1467.158412388393,1948.7771714843159,1269.4320382766355,0.007778331300957403
2025-10-28,1500.199951171875,1506.5,1490.5,1499.699951171875,8211019,0.0003334000241910369,1474.428013392857,1948.7771714843159,1269.4320382766355,0.007808213640965265
2025-10-29,1510.4000244140625,1520.199951171875,1496.9000244140625,1500.199951171875,4884976,0.006799142497118304,1487.4321463448662,1948.7771714843159,1269.4320382766355,0.007347409033701416
2025-10-30,1493.800048828125,1508.199951171875,1489.0999755859375,1507.0,5608867,-0.00875909168671201,1495.2789306640625,1948.7771714843159,1269.4320382766355,0.007953904218902293
2025-10-31,1482.300048828125,1497.0999755859375,1480.699951171875,1490.0,4819814,-0.005167752464345638,1499.8647635323662,1948.7771714843159,1269.4320382766355,0.00805518440558463
2025-11-03,1485.5,1491.4000244140625,1474.199951171875,1482.300048828125,5470600,0.0021587742470930995,1497.0142996651787,1948.7771714843159,1269.4320382766355,0.005889873072536568
2025-11-04,1467.9000244140625,1481.9000244140625,1462.9000244140625,1479.699951171875,8691330,-0.007974540208957454,1492.085728236607,1948.7771714843159,1269.4320382766355,0.005679683217762248
2025-11-05,1467.9000244140625,1467.9000244140625,1467.9000244140625,1467.9000244140625,0,0.0,1486.8571602957588,1948.7771714843159,1269.4320382766355,0.005705321886422198
2025-11-06,1466.699951171875,1483.0,1461.9000244140625,1478.5999755859375,7944752,-0.008048170303361987,1482.0714460100446,1948.7771714843159,1269.4320382766355,0.006051618198562183
2025-11-07,1476.800048828125,1480.9000244140625,1449.0999755859375,1470.0,8765759,0.004625883556547619,1477.271449497768,1948.7771714843159,1269.4320382766355,0.005495359761988273
2025-11-10,1513.5,1520.0,1490.0,1490.0999755859375,9787975,0.015703660692203646,1480.085728236607,1948.7771714843159,1269.4320382766355,0.008440926426904685
2025-11-11,1530.300048828125,1533.4000244140625,1511.0999755859375,1525.0,13692989,0.0034754418545081965,1486.94287109375,1948.7771714843159,1269.4320382766355,0.008154664465070597
2025-11-12,1551.699951171875,1559.199951171875,1538.0999755859375,1540.0,14635417,0.007597370890827922,1496.4000069754463,1948.7771714843159,1269.4320382766355,0.00848899612662445
2025-11-13,1541.800048828125,1557.5,1530.300048828125,1557.0999755859375,19655689,-0.009825911629120108,1506.9571533203125,1948.7771714843159,1269.4320382766355,0.008878618449940472
2025-11-14,1502.800048828125,1530.0,1488.800048828125,1520.0,9739549,-0.011315757349917762,1511.94287109375,1948.7771714843159,1269.4320382766355,0.010218211912208548
2025-11-17,1507.5999755859375,1510.199951171875,1492.5,1496.0,7910354,0.007753994375626671,1517.7857317243304,1948.7771714843159,1269.4320382766355,0.009799324605592718
2025-11-18,1486.4000244140625,1506.0,1483.199951171875,1506.0,7324631,-0.013014592022534861,1519.1571568080358,1948.7771714843159,1269.4320382766355,0.011331980066147473
